Feature_1,Feature_2,Feature_3,Feature_4,Feature_5,Feature_6,Feature_7,Feature_8,Feature_9,Feature_10
-9.164522647,2.482099121,-10.65672857,8.515361547,-3.636611402,2.394485042,-2.487075513,-1.442414973,3.112382136,-6.281686992
-9.342680432,-0.171282029,-10.88141121,8.896519165,-4.387979321,4.687205134,-4.952101166,0.452372568,-1.113327106,-5.250668717
2.169646021,-2.286912943,-11.20186703,10.56580354,9.053438055,7.325827195,-3.245763889,-9.146292016,4.028155119,-3.983802302
-9.79599409,7.561749689,6.33531793,-7.028998468,-7.234285831,-5.449042196,-1.410298384,1.087135927,-3.15492422,-3.508513194
0.693000632,-9.239128216,-6.440645809,-1.003730572,-1.822495406,8.004110793,-6.810226551,-2.276348168,0.173504717,-7.217274316
-8.141032664,11.82157128,4.797329508,-6.641914175,-6.403109291,-5.911668065,-5.129560421,1.131220199,-2.071858648,-4.197095602
-1.93309945,8.965244006,1.538715686,1.839489625,-8.836331442,-5.87560077,-8.288430387,5.913703236,1.251499859,2.572631273
-7.457477532,-3.126352796,-7.149312069,7.417846681,-4.740604458,2.785971116,-2.046737116,-3.854899239,0.909290073,-6.461639026
-2.074535338,12.12738733,5.946565891,1.484134386,-5.077806308,-7.492222653,-11.89551456,5.811393449,-0.783887647,3.63418133
1.353715211,-8.941306664,-8.178903174,12.74504557,6.552524045,6.119526046,-2.946910214,-7.861940417,3.514968451,-3.14577467
-7.193749468,-1.731774408,-10.79053898,6.731792462,-4.658597392,2.310972773,-3.0246826,-3.880579571,-0.351072211,-7.991991831
3.748654987,-4.410592408,-10.07344952,7.722329689,9.102078073,6.629365965,-4.694575137,-6.018253702,4.320760823,-1.137779553
-8.47176145,0.792333663,-8.6977754,8.72186718,-4.702482735,3.193606065,-0.183220489,2.177745391,2.018445929,-6.135212152
-3.694909306,9.721488664,7.462915581,3.991299753,-4.489847251,-7.646933108,-10.32273499,7.134842535,2.105887603,5.802738834
-0.141917074,-10.03000936,-1.350659266,-2.088341868,-2.181039413,6.505462857,-9.960145965,0.289752028,2.340023137,-7.684586536
-7.12836332,10.51138828,6.762003274,-8.156166504,-6.732594388,-7.596779696,-0.658741065,0.231299914,-1.176292417,-3.348189132
-6.96553703,0.29886442,-7.386085887,4.546819936,-8.404795173,2.506628429,-2.119828197,-1.947111624,-3.577242923,-5.44614178
5.40580192,-8.725041482,-11.47673224,10.15309524,8.29467607,5.690590671,-5.079459184,-8.436257931,6.082467698,0.006242563
4.93415201,-6.253165409,-9.218607899,6.560359706,8.918651381,5.663366544,-2.467267422,-7.352832284,1.915606848,-0.938568546
-3.894047492,6.98675922,3.176068957,3.553632379,-8.303725524,-2.931536496,-8.098350905,7.600777101,0.734763565,5.211916375
-6.537191813,-1.82700022,-8.180129631,8.485544021,-4.114842945,2.282087579,-6.257403602,1.156238521,-2.160899142,-6.778936628
1.951999342,-7.746290921,-4.427694552,-0.613490422,-4.196393183,8.00366978,-8.142460086,-0.115289726,1.204424747,-8.188161841
1.239865388,-6.705349094,-8.060202652,9.605019379,6.64862303,7.763858444,-3.528871348,-5.969759648,4.350958021,0.455034311
-8.4207685,8.571418469,5.421554491,-5.758279473,-6.61877759,-7.011751877,-2.87057397,1.928086446,-1.228489298,-1.959122074
-1.724944391,8.153736122,4.603346948,5.186575222,-4.288312436,-6.225624089,-8.781322539,7.503569906,2.942577194,2.627262708
-3.971220128,10.19491303,6.377772205,0.742146206,-5.434562997,-6.260938203,-7.605237517,10.16871239,1.654218061,3.030847309
2.892165722,-6.603680655,-2.303433742,-4.279343654,0.141723843,7.492280497,-8.674405733,0.764166507,1.092021631,-9.193275755
0.264236519,10.70413367,4.2365458,0.313380821,-3.019587486,-6.791281942,-8.817433819,7.287335285,2.319427376,3.944910938
-10.17256784,-0.915524496,-10.95041138,8.389415563,-3.332729305,4.219454968,-7.32326752,3.464464903,1.377125498,-7.4676596
2.950935905,-5.330314769,-6.871676073,10.5637632,10.62093616,5.695316866,-4.765343679,-7.547646454,5.084352639,-1.531031176
0.361446293,-6.303349797,-2.833607436,-3.350898633,-1.583663537,6.102336572,-6.661603961,0.185489846,4.997874061,-9.441530297
-9.127200067,10.62180286,7.939563049,-6.627833944,-6.614183227,-5.908039877,-4.28819183,2.906146997,-0.6246372,-3.073100517
-11.49646089,3.727052765,-8.515690435,8.409723247,-3.052048793,6.765926766,-2.459658511,1.824580068,1.130240624,-6.51519952
-8.147050451,-1.623108261,-10.8533349,7.626505673,-3.857622631,4.642814224,-4.510576081,-1.328878215,1.335971044,-7.538213345
3.814979321,-8.707213728,-4.733063937,-2.297462825,2.114900919,10.36839706,-5.096439768,0.00989384,2.65004985,-7.739508607
3.214340881,-8.916651293,-4.45934433,-2.682545107,0.019591269,6.706029961,-7.107785055,0.407682103,2.534211984,-6.887258262
-1.322649702,7.650204946,6.744070303,-0.12960691,-5.99934155,-3.594426155,-10.32413224,6.474076321,2.171777282,3.406238075
-3.752690139,8.174014568,5.760819244,2.888725082,-6.910979582,-6.704118518,-6.921830413,6.436165832,2.842946307,3.858162577
-4.632253736,8.383318144,4.125807061,0.76975378,-7.121555759,-6.274033308,-6.009048905,7.585389635,2.408625821,4.049782682
-6.798704895,-0.182554845,-11.40540233,7.124541631,-5.21852049,0.856604734,-4.874321465,1.379855931,3.075163633,-6.932063018
-11.07539864,6.168111873,5.690410194,-7.737852477,-3.900477916,-4.817184169,-4.947380659,3.873782341,0.111548603,-4.662664271
-1.972516583,9.855462918,6.264455701,3.553872762,-8.946131243,-8.286847153,-8.065774856,8.094201842,2.794871764,9.940548792
0.093386492,-7.65367903,-9.131791184,7.802080463,11.91504553,4.882788822,-4.741044786,-7.739974172,1.881436241,-1.790471193
1.009414896,-4.9115712,-3.407310844,-4.771722396,-0.327126376,2.553479466,-5.068262332,1.612535993,0.959757444,-8.885670202
-9.594638658,0.238267784,-8.48440062,9.206753354,-7.729529422,2.108412782,-5.083173357,0.551190855,1.655322457,-4.057845278
-5.914414626,-3.383342575,-7.010506425,9.86996937,-5.514047292,4.065531929,-3.761056888,2.246345976,2.408230301,-8.403016974
0.37808585,-5.915306657,-5.569897566,7.455571505,8.770446511,6.792616019,-3.98858189,-9.52001309,5.367447315,2.283110958
-6.434384944,0.32243996,-10.73859567,8.664189549,-6.311945363,2.301125275,-3.481786017,0.847226834,-0.849643111,-4.721932233
5.168294045,-7.968742843,-5.74546841,-0.45026803,2.06528047,5.709062736,-4.489329804,2.296902642,0.734565028,-9.798950499
-2.042836275,11.22732045,5.926368271,1.733261889,-6.908151503,-8.38390364,-8.866097461,6.890534957,2.506378075,2.920605141
4.861433751,-5.137941669,-6.095501072,-1.638201426,-1.633062471,6.098750051,-5.565188163,-0.066922932,0.672642879,-10.10680332
-10.23097292,-3.442163826,-8.972203205,7.344071422,-5.654035093,4.294241446,-2.005615063,-0.007456658,0.423307527,-5.55269634
2.445094227,-7.945619961,-11.02240893,9.364674717,10.96845668,6.880698582,-3.911330378,-8.930465198,2.046415081,0.055176864
-9.106274291,10.03107817,9.06941972,-5.072916334,-6.729735609,-4.88577905,-2.130949407,-1.34628309,-0.464999522,-3.123658083
-10.60107753,9.181419037,5.460222935,-6.215160081,-9.203922656,-6.011969242,-3.913346928,-0.730504314,-0.372231125,-2.76906199
-7.92768911,9.217625297,3.389848497,-4.482085271,-7.166492935,-6.467709726,-3.417184645,0.780878152,-0.296921901,-4.828646752
-10.41609733,13.23549597,5.802481418,-5.476390832,-4.050335727,-3.322770471,-0.822899776,2.307677979,0.174994162,-3.286626772
3.285300525,-6.57866337,-3.419078757,-3.461815398,-4.108614695,7.349248295,-6.724780541,-1.009474878,2.888509745,-9.659010705
-11.14716961,1.170699766,-9.320570018,9.954177076,-6.884504701,4.030298896,-0.962551717,1.030918836,1.349077845,-6.290076768
-7.062418577,8.709870649,8.266874066,-5.810980491,-6.622441606,-5.006419897,-2.936670823,-1.869459603,0.853710897,-2.105280165
-1.330497385,9.652472471,3.189414622,1.90160265,-6.885031,-8.617656627,-6.583230304,8.639566351,1.690853974,4.201780314
-2.835719428,10.66245141,5.87800336,3.193434138,-4.92140898,-6.848603831,-7.8153983,6.858122781,2.508549764,3.966236974
-11.34347965,6.695226387,7.461046908,-4.614485046,-7.228266257,-10.21847324,-4.734521813,1.082834641,-3.57946698,-3.900377316
-9.498411169,9.81426245,8.68984071,-7.716448385,-10.89276889,-6.056135486,-1.214388369,2.353548162,-1.046610504,-4.912871474
-1.864770294,9.325817659,5.047247092,0.05804682,-8.501212002,-5.300380313,-8.897660487,8.345773962,2.064777799,4.206085765
-6.630905856,2.361077801,-8.740265159,8.653887326,-7.102766606,-0.695649518,-3.183214884,0.259124077,0.162031574,-5.937615583
-6.989537615,12.74514726,7.605929468,-5.001951074,-9.065087257,-7.145920503,-5.096830769,-0.436142765,-1.613315355,-4.883553063
-0.631324569,-7.313073856,-6.209579588,0.308150865,0.488443768,5.862149915,-4.11096434,-0.984785198,2.663510445,-8.771276095
-9.005442207,13.13769632,6.639746449,-4.495481625,-6.240756618,-6.480244283,-2.536540416,0.059716816,-0.960011156,-3.692870487
3.055768289,-6.142279827,-7.740977887,10.56488823,9.864070422,6.390081092,-5.229327122,-9.114888865,5.464762461,0.957552983
3.045558744,-7.540946298,-9.052923121,10.09398931,9.944959787,6.568174557,-4.416408035,-7.491466047,3.49906151,-0.51024171
2.634020504,-6.606155532,-9.918489699,10.21263062,9.651282946,6.19436684,-5.370773657,-6.091295822,4.681714648,-2.026331381
-10.03465537,11.46175726,6.423769435,-5.564853106,-6.623108392,-6.308541232,-5.559567771,-1.664947691,1.030657968,-5.445859219
-7.883176084,1.309754441,-6.859629986,10.15394822,-6.462612758,2.869931571,-4.283525536,1.135242226,1.963735919,-7.561249901
2.681921212,-6.515345594,-3.861168631,-2.205800124,1.671335746,7.310833956,-5.72057097,1.696654639,0.299505522,-8.474101171
2.719626716,-4.744184263,-9.59442957,5.392254194,8.694309544,7.53815756,-3.101279762,-7.404278348,3.264670577,-3.11549623
2.184843317,-8.697862107,-10.17645783,9.275730759,9.194039649,5.299260798,-4.628975301,-7.002305724,2.908121671,-1.329086991
0.246901293,-4.035745539,-8.395474946,11.42549609,8.213091168,8.895039846,-2.744991375,-7.216997591,4.035697212,-1.569743052
-7.649840897,1.595208578,-9.183063275,7.066023114,-3.33915101,2.924749075,-2.975973453,-0.314755636,-0.040534741,-6.176658544
2.647173995,-4.413015369,-7.379842579,7.36164663,11.37738534,6.637645172,-2.877125923,-5.846746431,2.017290156,-1.250688493
-9.125060595,11.95151946,7.009982585,-1.850693115,-5.515236187,-8.973053942,-2.785142709,1.06686621,0.573529504,-3.165645169
4.083369664,-4.682601369,-3.312785739,-3.992484664,2.101991352,4.907062881,-6.509231029,0.79819552,4.179532008,-7.790027781
-7.492697107,-2.715022947,-8.570171097,8.761560589,-5.438363079,4.759332455,-5.457022627,2.093223913,1.165946085,-6.807739774
-0.624653442,-8.500700303,-4.777515329,0.158768352,-0.043770629,3.700296874,-5.277469923,-2.036267215,3.472327958,-9.777678723
-2.04749497,6.449033539,2.617600703,3.088065825,-6.623329034,-7.156084598,-8.810676857,7.844895474,1.212660714,2.993994468
2.484199156,-7.133791234,-3.897094533,-2.306833337,-1.213403698,7.938314386,-8.407880325,-0.958056769,1.693409237,-11.53577496
0.791419505,-8.645849159,-3.641425207,-2.745741661,-0.829404823,4.565776226,-6.352125428,-1.101660948,3.183588994,-7.518117744
3.921858407,-7.530487695,-8.631134077,9.054507598,8.559964372,4.109248641,-3.423262861,-8.138063678,4.435021234,-1.997350585
-2.527567782,7.668404571,4.753585674,0.957427117,-5.416947591,-7.100695666,-10.07657355,6.841444153,2.641697416,3.315864727
-9.40047336,8.754088732,6.832299071,-4.938270743,-6.29021055,-6.271022266,-4.968142673,-0.499222744,-3.465007535,-1.551052081
-8.301683524,-0.842820545,-7.587721549,8.631273449,-2.922923101,3.683537692,-5.501453406,-1.598332109,-1.393062787,-5.309833137
-7.307212292,1.321355504,-8.560982191,6.86869734,-3.710711998,2.294064374,-3.4407538,-0.053664678,0.605906209,-5.153546427
-8.792349321,-1.925388498,-10.16640424,8.00037596,-6.420730378,3.235678474,-6.29853626,-1.27871071,1.940572459,-5.397225109
2.959856987,-6.389225591,-3.333781276,-3.055196824,-1.066781706,6.195338514,-5.877684847,-3.044261791,1.503591931,-10.3481014
-2.192671422,8.86921646,3.822500206,2.571873855,-6.936079245,-5.22515677,-8.666986284,7.548975558,1.476881917,4.07603312
-9.522906445,11.9407736,5.714878773,-5.461306604,-7.477206534,-8.31194357,-4.832808777,0.439573437,-2.005052964,-5.214048666
-3.697978731,8.842181466,5.397359755,3.271802475,-8.680071802,-7.381861447,-9.550745723,6.343529067,4.670481595,4.768924122
-7.323543425,0.167822936,-10.31250265,8.483283043,-5.735608799,2.643902698,-4.795197182,-1.747646511,1.152960292,-5.424961735
1.272005528,-6.095857358,-6.819704189,8.305373821,8.274265168,3.214562249,-3.752567423,-4.98344366,4.100698223,-1.230368594
-9.464233199,0.906798398,-8.304312666,8.76271115,-6.316043151,3.624767971,-5.540362755,0.022215541,2.478325238,-5.107857999
-10.32208196,1.241639602,-10.19706805,9.234441262,-4.786584067,0.935768345,-3.51933633,3.695695137,1.673685275,-6.389187519
2.350990796,-6.096099159,-3.4337336,-4.529256768,0.425133781,7.034455484,-7.151453513,0.341595521,2.873284866,-9.384962475
-0.5760718,-5.449949083,-8.840656212,9.607125703,8.016816221,8.08714436,-2.34513762,-7.171241265,3.49038466,-0.327164197
-1.401497753,9.27133855,4.466406413,1.521514141,-9.097410177,-7.959875906,-9.529285913,8.909206255,2.537727669,1.516891323
4.511648977,-6.306945306,-4.049051737,-2.991076589,-2.306478006,5.819740006,-5.619895547,-1.577952095,2.349556003,-9.303880319
-8.818651417,9.008877027,7.757068537,-4.83016656,-7.766658709,-4.702936629,-4.719100308,1.70721533,-0.810168657,-1.418141681
1.13849601,-7.19413151,-5.711638187,7.729618788,8.487467737,5.947408827,-2.646622893,-7.734853959,1.74572251,-1.99520297
-2.838705455,9.549954985,6.856719903,1.195764357,-8.092367595,-7.632745159,-7.46522458,7.81664958,1.227659929,4.931352706
-2.603216269,10.44699961,3.161289767,2.729239457,-7.675013619,-8.069418842,-8.998873297,5.770659432,1.191826277,2.364634717
-5.840190087,-1.262519025,-6.974045801,5.890715927,-2.379937171,2.691432311,-4.1298266,-2.433654833,0.252013511,-7.862620686
-5.266113527,-0.218030745,-10.82490268,5.057561225,-7.032455978,1.18969345,-1.698074037,0.575097304,1.518612373,-9.633542403
-8.561753095,-0.188075305,-10.89989053,4.439316515,-4.523710921,4.163803721,-3.372678265,-2.522982153,0.407931442,-9.63043253
1.414654702,-5.960121919,-5.814401219,-2.341950994,0.948338413,4.933724681,-7.083402693,-0.061098169,3.61787919,-8.779830299
-7.539992338,0.623278755,-9.715198208,5.431868366,-5.473561193,4.441173388,-4.211842597,0.03178532,2.413770346,-7.37087073
-0.533106525,9.310685535,7.752770145,0.939387957,-4.275681486,-6.583243418,-9.815454762,6.597694164,1.541779273,4.797700476
-7.589045756,-0.257358946,-7.481805233,6.57138935,-5.968179227,4.804900025,-4.659080881,1.75216004,3.483359561,-6.90560343
4.194741317,-4.128595681,-3.970883039,7.292469695,9.676963681,3.044798908,-3.078000882,-8.868858167,6.569829222,-2.35887258
2.795216103,-6.626383993,-4.236788009,-0.83740981,0.766103535,4.765003297,-7.985395149,-0.019782188,0.648233531,-9.166278608
1.928268748,-8.329990307,-4.422268274,-4.995690582,-1.615330936,5.276205988,-6.390793986,-0.077557401,1.755645077,-8.351829468
-7.683307839,0.268175794,-7.885270211,8.976754927,-5.110708697,2.953152173,-3.000542275,2.310215668,1.123676886,-7.006607171
-7.923827101,-0.093029894,-7.706681837,10.09424667,-4.990619208,2.668081107,-3.849659151,0.908296716,2.271161117,-6.296566101
-9.119525883,2.821330814,-12.04385868,7.289906517,-4.269082533,4.126916937,-3.916492059,0.315274369,1.550030715,-6.649515106
3.255772058,-7.663191036,-4.651278709,-1.574957078,-0.376013272,6.177753164,-5.302622972,-2.018669417,2.983474397,-8.152288555
2.216301275,-8.244714448,-4.896791263,-0.507315129,-2.763360657,6.923327008,-6.424968752,-0.134951484,3.033849221,-8.560914804
2.680494628,-9.485086611,-1.94170539,-4.424432461,-0.55343697,4.057565436,-6.889824597,-0.971204878,0.936478486,-9.8796758
-7.536460889,-1.558671662,-8.343848009,8.215479898,-8.304873765,4.424390427,-3.802127729,2.205037296,-0.708700191,-11.06796661
-1.551308935,6.522006035,4.540759138,0.156645384,-7.857381353,-6.809011586,-10.1289478,6.746689599,3.531739449,3.296113752
3.808034454,-5.455737798,-4.501193145,-2.737978559,-3.175261569,6.474901362,-5.148438194,0.191402243,3.534821417,-9.572107592
-1.119931302,11.87841109,2.542027475,2.817623539,-7.855591045,-7.610797669,-9.726918643,6.027536761,2.095082677,2.915026381
0.473665986,-8.55272755,-3.261264702,-4.09528514,-0.183790878,3.652812518,-4.734263038,-1.564096204,2.676741284,-8.132545345
1.827395582,-7.898959162,-7.376856847,10.05941379,7.938229511,8.201111164,-2.152426553,-7.845112974,3.804057324,-0.365863469
-7.930021215,11.1787425,7.606948149,-7.467725156,-3.913353357,-8.051427892,-3.461201943,-0.636285142,-1.457307147,-3.682273581
-9.629582472,12.05657444,9.140741638,-6.438862171,-7.266818746,-5.628748419,-5.4127333,0.947816482,-0.21197921,-2.33501736
5.39848114,-4.803694635,-8.380107094,10.51819014,10.9714913,5.32202573,-5.132050483,-7.929343125,4.977114717,-0.988359527
0.575685929,-5.453274802,-6.643163924,10.0205151,9.738267197,4.686136951,-5.178001066,-6.172129362,4.853684036,-1.255479404
-11.99964991,8.254109875,5.495139291,-7.163072438,-5.119288393,-6.622649011,-4.311927403,-2.510664914,-0.407972582,-6.034304788
3.437918331,-7.831811936,-11.72669994,9.195306364,10.50240419,5.984861264,-4.594497196,-8.285601068,3.128786387,-3.219020793
-3.22795898,8.735797663,2.980376375,0.178859748,-5.660838458,-4.84574955,-8.946342939,8.828822262,2.564754272,3.193771924
-5.063636055,0.361402892,-8.431142028,10.30768897,-4.153309462,2.498594525,-4.438592733,0.759192854,-1.001636546,-6.517799263
-7.292183866,11.22633982,6.32868851,-3.517128581,-6.14049947,-6.83753876,-4.835259136,0.041424103,-1.943364855,-3.919792862
1.191900167,-6.337082936,-3.766443634,-3.481025918,-2.391432342,2.75958069,-5.482049286,-2.062515389,1.991307676,-9.46616407
-2.001453012,8.391354257,5.589051635,5.379208971,-6.606827809,-6.507778714,-9.527369106,6.048756361,3.26780396,2.877325817
-11.30084379,9.107707854,5.573619335,-8.553022712,-6.487521685,-6.514531066,-1.644980526,1.441346159,-2.897379864,-1.394278347
1.194988198,-7.824046444,-4.943239626,-2.444230826,-2.112230214,7.385065229,-6.006213759,0.270738287,1.356449302,-8.83820572
-1.527649139,8.930909122,5.059831776,0.284936113,-3.210999222,-6.68627782,-8.674235565,8.412172851,2.743814082,4.497277592
2.801672184,-8.563200118,-5.461601651,-0.984610958,-2.662718155,8.167528658,-7.357455459,1.242276657,1.355363664,-8.166210599
3.293817704,-6.026537756,-4.031367087,-0.557074416,-0.263956122,4.411887363,-3.901469402,1.331543677,1.183725346,-9.790231197
4.037450519,-7.90486483,-4.77424694,-0.941912033,-3.683212865,5.120738065,-5.720888522,0.95851685,1.083581337,-9.019330228
4.951017419,-7.53719163,-5.428557922,-3.650896467,-2.513049872,4.526376366,-6.562286505,-1.82366176,1.871718878,-7.717575985
1.847110697,-7.381963096,-7.144836664,6.843248357,7.857454271,5.571610314,-2.05124398,-7.476906266,2.232591892,-1.662411683
0.712033202,-7.576243497,-4.216067961,-2.874508311,-0.377810366,7.850569401,-4.383874265,-1.683640022,2.781396363,-7.077591766
-7.245030178,-1.573262873,-9.321161642,9.362412211,-5.106792371,5.040115106,-2.233505389,1.779732706,0.244720428,-7.922674561
-8.768800697,0.017080612,-8.283844958,7.973935163,-3.074844549,4.04690918,-7.033095458,-0.392840022,0.091442438,-5.583869459
1.241141956,-5.905661233,-9.387603606,7.935810191,7.581096659,3.540203752,-4.492610176,-7.809477485,3.539725025,-1.820900517
-3.85681963,9.752164885,2.659529026,4.720357833,-5.11046701,-7.583873071,-11.40802955,9.354331477,1.850490467,6.018176024
0.420898433,-9.120534047,-11.38980689,6.94453949,8.249109225,9.097835669,-4.69654413,-7.77993256,4.28538261,-1.000352346
-5.047894568,11.30861161,4.402866988,1.332848079,-8.397783754,-9.362394601,-7.603571881,7.433499866,0.087358885,2.218833398
-9.695712003,9.342363688,7.740297131,-5.675298958,-5.26454054,-6.452984673,-3.797202355,-2.502172394,0.013391885,-3.655684482
1.05344943,-3.753856499,-8.625005643,10.13097026,8.4003009,6.712620404,-3.44105963,-10.88103166,6.707573196,0.739016566
-1.255659455,7.319725846,5.434585103,4.135522615,-10.58709394,-8.075452476,-7.972719566,7.018954836,2.579019045,3.255473776
-9.876641323,-0.905419319,-8.732655597,9.443054374,-5.843246348,-1.120938298,-2.9809437,-1.429120611,-2.09180261,-10.55139978
-0.160128633,-6.516863788,-1.120642594,-4.717524141,-0.594041064,4.710545961,-5.367693548,0.313410434,0.886061014,-8.339183318
-9.387998757,9.169492289,7.711015831,-4.318164311,-7.542484847,-8.328759233,-6.6694632,1.257115623,-3.016149536,-7.404753085
-7.140609516,0.340883717,-11.84823702,6.718658723,-0.691573752,2.792029766,-2.669340014,-0.574629317,-2.201248761,-6.55829826
2.045734214,-4.943390392,-6.333870564,-2.690896556,-2.757190482,6.248967052,-4.676193272,-0.346453922,-2.058029408,-8.772569525
-7.932159084,0.843458658,-9.243883756,9.121518749,-3.769240168,6.482838703,-4.238723461,-1.010173627,1.30333101,-7.50633093
-4.400523555,10.39107905,7.823113132,3.521867575,-9.15868214,-7.606460703,-6.937961033,6.262018717,2.688029377,5.323402636
-9.923509088,8.874221849,6.619723407,-6.207987461,-5.163587803,-8.756375716,-5.49567877,-1.10657575,0.064361761,-1.609497137
-1.426689527,7.320708471,3.853098437,2.707231526,-8.712818904,-5.810611948,-9.198815854,6.761291704,3.088740187,4.827846523
-9.847729204,11.96575976,4.591001102,-8.173559883,-4.156745165,-6.645895319,-4.918764249,2.054985664,-2.269522937,-1.436402626
-9.413438997,1.785045743,-8.215728638,8.994060477,-3.750799006,6.841988538,-0.488136136,-0.628712591,3.370033076,-5.728158605
1.281096274,-6.522542732,-7.287647557,-3.54968973,-0.925188715,4.338994102,-7.411283919,-0.716980566,2.28658047,-9.351985273
1.090558186,-5.306184038,-6.224746799,10.58362659,8.218236957,6.710072938,-5.847436932,-7.187972253,4.36056565,-4.001674635
-7.646096928,-1.199136999,-9.591116299,5.787315898,-1.408770621,1.398677689,-5.313727904,-0.259028383,2.866319174,-6.281147391
0.437890076,9.067181456,3.590290574,2.29413955,-7.048119266,-7.211563993,-7.917077707,8.459784481,1.226548513,3.297724195
-6.338264013,0.096464378,-9.650714149,10.26994459,-3.868413343,5.674895751,-5.854881686,0.349534488,-1.490864476,-6.646984387
3.718059669,-7.324049322,-4.636878314,-2.445126146,-2.131314668,8.83782731,-8.418015898,0.561799637,4.883700706,-9.060791979
-8.091294949,5.053813976,9.781414873,-5.962602229,-4.701226431,-7.891768694,-2.995994283,-1.084994712,-2.296753068,-1.304370165
-1.44756972,8.170585964,5.588490445,3.432001358,-5.946912248,-9.235446673,-9.92903352,6.952244962,1.910650091,5.092459702
4.397044563,-3.802964011,-8.854114977,7.119131691,12.45640591,8.55961055,-2.889304135,-9.265161243,3.611116519,-1.437490247
-6.828277448,1.511433,-10.63115375,8.709300721,-5.012162011,4.520768843,-3.938614827,-0.176053909,1.745568365,-4.988657139
-1.95618766,8.42427791,4.682996071,3.890847478,-6.592978589,-6.810454771,-10.87811197,8.442903265,2.990526507,7.406333641
-1.373714698,7.631038142,5.944287716,4.006626472,-6.259474836,-4.064915874,-9.999011555,5.456540861,-0.645780138,6.405518023
1.281201016,8.217982969,3.905719672,3.539411,-5.856789957,-4.110048605,-7.962435479,6.784584779,2.908282481,5.824506927
-9.351019713,0.332243132,-10.57996052,9.016491516,-4.875288207,0.85831175,-3.134729032,-0.465520742,2.255925668,-6.300922356
-5.33629415,-0.521288856,-10.16059413,7.47943446,-3.746774233,3.013825212,-4.728278708,2.8993883,-0.350049174,-6.249561778
-0.577771165,-6.280555618,-5.110150613,-4.457263123,-1.8151184,5.426731191,-6.913641354,-3.023660317,3.193890673,-7.158679184
-0.214597685,-7.793754192,-8.809927436,8.864212339,12.27145393,4.088965049,-3.149340754,-5.812888057,7.091835148,-1.80354626
-13.64315855,10.41501002,5.667739291,-8.499167132,-5.596696757,-4.271421985,-4.121327913,1.924440453,1.05731776,-2.203045516
-11.19651863,5.016171318,7.303692522,-4.397315525,-9.907899309,-7.84650586,-2.986423749,3.581371837,-1.329909066,-5.267421608
1.47297298,-7.773525285,-8.709535619,8.654296377,8.754853838,5.07525453,-3.42843761,-5.566131817,3.89449138,0.297227197
1.405499,-6.863370988,-10.18390483,8.92519933,8.096139366,4.496877287,-3.519732895,-7.727448056,4.858971133,-1.84363848
-2.103512384,8.938928964,4.281456766,0.611824191,-7.744784187,-5.747022755,-8.086951975,5.857190048,2.171298693,5.288532241
1.536367149,-5.521034287,-5.276490385,8.05124823,7.01008029,3.347931911,-2.838656573,-10.87128303,3.126181951,-0.540980345
0.471577845,-7.17981231,-8.430926065,10.82153292,10.21728269,4.892144044,-0.179939742,-7.649394753,5.597746637,-1.424521776
-3.369690633,8.193997716,4.590748931,1.158032527,-7.948895865,-6.720464252,-9.220793583,9.579512398,-1.954154478,5.798711834
0.091607861,-6.062297676,-11.66630601,9.048113098,12.15929119,4.746107886,-5.159209185,-6.900513048,1.370458257,-2.14608267
-3.293282154,10.58779997,3.5833633,-0.139522261,-9.214570951,-5.971094666,-10.75897179,9.955714188,-1.100593877,6.706136108
-9.738541229,9.092686418,5.331878936,-6.993538317,-6.703218994,-5.780861543,-2.544778201,-0.709639793,0.877933226,-4.582102598
-2.789505089,8.354689541,6.810345663,2.268001849,-5.331860382,-9.108450153,-8.437752358,8.657969109,2.145726219,5.759672119
3.066221292,-6.354058085,-9.578765045,9.314035352,10.38455535,3.093035044,-2.169113519,-8.550939828,4.32289543,0.59892026
-9.915557489,1.936897606,-10.22851604,8.943132926,-7.168951828,1.48125619,-1.613147379,-0.11959301,3.114118801,-6.420256878
-2.943944748,1.943712052,-11.17904333,8.535710173,-5.736409582,1.728726097,-5.775886585,1.04968546,-0.087864766,-4.851171853
2.448943605,-10.40597251,-3.004796204,-2.349668376,-0.116197356,11.59287579,-9.132693766,2.871733743,1.417120098,-8.639998389
2.94750601,-8.599694482,-3.32383806,-4.050792901,-1.504650536,5.260884357,-4.542799278,1.662370434,-0.020284687,-8.988590579
-1.730177852,11.3133945,4.476738614,2.575737267,-5.844411204,-7.481940301,-8.502189034,7.342411517,2.168814383,3.00193688
0.408221272,-7.014225871,-9.150257761,7.163495342,9.896108756,6.545157376,-4.199128315,-9.18024497,5.25772122,1.286160544
-7.198926537,1.783237439,-8.127349994,9.64076158,-4.334117267,1.166497592,-4.059326275,1.991495033,0.856921194,-5.548275337
0.914993808,-7.668181703,-5.624249997,8.978734974,10.48583566,4.98159789,-5.077504036,-6.423580506,1.660296213,-1.819770777
-6.786909909,1.133426081,-8.825719263,7.387319794,-3.564904571,1.214169377,-5.116785552,-1.044939684,2.554289676,-4.888728118
-9.376980744,6.745537995,7.133604387,-5.974621666,-7.062555409,-8.723964404,-3.144754981,-0.303922627,-3.115974881,-8.483810516
-10.61356606,-0.025221595,-9.685837345,5.67706719,-4.21808107,4.324254804,-3.42522676,-0.084741839,1.821368814,-5.282580349
3.474705291,-8.510818111,-5.144281763,-3.128352177,-2.897406701,4.474632438,-6.720855667,1.596272539,2.242133371,-8.780606879
-6.678341683,-0.404903578,-9.187980722,7.09415019,-2.202194764,4.810538417,-4.875435224,-1.600555487,0.35569664,-5.65115692
1.172688112,-9.097880153,-4.482632605,-3.135487317,2.761474414,6.352958966,-8.072950608,-0.562472238,3.38036632,-5.938327586
-8.453852415,-0.545234456,-8.098850674,7.309725104,-5.948436902,2.918140791,-5.531221647,3.132176285,0.0846137,-5.05548571
-3.050646872,10.75328083,3.018283845,2.897073094,-5.989975304,-7.344429252,-8.349128223,5.446852551,3.408340764,3.884098351
-0.410164468,10.40123665,4.729324391,1.002764517,-5.832292221,-6.289881515,-7.495537927,8.276280618,3.596629308,3.358598739
1.434055264,-6.67244236,-5.253541443,-1.535880359,0.149661293,8.476432478,-6.269870275,1.287670975,1.995392687,-7.127184073
4.943580059,-7.496478475,-3.077470116,-4.612672571,-2.313254881,6.412128645,-3.780350314,0.818108791,1.378704331,-9.072054637
-6.608743766,-1.14376131,-6.794217568,5.318947216,-2.857649121,2.913967231,-2.47640117,0.52106265,2.643538891,-6.883953836
-2.970864975,9.34301162,5.013954362,4.339349604,-7.02257049,-6.461577305,-7.926482992,7.6034366,1.352649813,4.452586545
-9.207165941,2.034294633,-9.482450547,8.518745752,-2.972272497,1.702512824,-2.872542132,-0.483481711,0.735951553,-6.194492441
1.425554812,-7.507767902,-7.962156642,8.440666675,9.10354486,7.27742669,-6.771758748,-6.069104233,3.793681317,-1.814189842
-9.87344013,-0.337408477,-10.0384905,6.737038562,-5.087468052,3.987704158,-3.779711321,0.861832033,3.654317135,-6.817229182
-2.774618464,7.816840261,2.570899994,0.876774624,-6.92931765,-4.188272798,-9.614744705,7.659204843,1.997665891,5.944041466
-10.42454779,7.343492574,6.516429743,-1.88365378,-7.569012508,-3.873234595,-1.39860392,-0.33525373,-0.507625008,-1.732822261
4.046049669,-6.044011758,-3.457100556,-0.391253793,-2.301975097,8.324564025,-4.60823701,-0.070144163,3.551721598,-10.73043201
-6.147462503,0.191384806,-6.389715611,9.72407177,-5.80524795,3.291415757,-3.836834532,-1.971904721,-0.476392788,-7.14405225
0.06556415,-6.352875367,-10.34502062,6.762323354,8.20358355,7.955795964,-2.482700874,-7.682050637,1.38560969,-1.491371102
1.328266663,-4.631055928,-1.168334,-3.822748016,-1.70293602,6.992901058,-6.587220332,0.216571941,1.886374008,-11.95050148
1.434428664,-8.472220584,-8.890450163,8.13679929,4.918467626,9.247404999,-2.274570135,-8.611008807,3.712889105,-2.954431646
2.017045807,-6.645873494,-11.2957701,11.22011809,9.37462911,6.832450158,-2.480399961,-9.578301406,4.394868379,-1.598411762
-2.401848267,8.297799958,5.358348575,2.473662842,-5.323317275,-7.645134192,-9.24314016,5.855377342,1.355860345,4.727402295
-3.843469267,7.790570701,4.524226272,2.484897646,-6.464590992,-5.63933472,-8.818824919,9.503824031,1.625314985,8.241705306
-5.9462202,0.2195409,-8.997928232,6.548970283,-4.473628329,4.803610812,-5.019871706,2.538104155,0.796646551,-7.634565157
0.02799625,-6.261716463,-7.184760457,7.710298587,7.064116721,6.030179816,-4.03887761,-7.224078279,5.109052387,-1.286072897
-9.062364965,10.13197774,7.600935019,-4.088668024,-5.74877267,-6.693796285,-2.906294589,3.344951535,-1.560050247,-5.637211153
-9.789773226,10.61440945,7.839085897,-8.376015746,-4.406990292,-8.825647785,-2.366335834,2.185186338,-2.997549272,-4.791638628
-8.396913095,7.516762908,7.089189714,-7.788090493,-5.663855682,-6.385372026,-6.337852865,2.242237664,-2.462986992,-5.390795852
-0.898749998,7.474513179,4.839333347,0.922988462,-5.087057248,-9.16488995,-9.676710528,7.889340728,4.370586279,4.062826164
-1.120288956,-10.39117302,-5.067404796,-1.986233255,-4.99985758,4.953923964,-6.795896142,2.367195436,1.27075866,-8.496508268
-7.79669352,-0.372242638,-10.58073923,8.165259593,-4.918372701,3.61230606,-3.63902076,1.598352248,2.319468511,-7.878845872
2.237849833,-6.308312664,-6.322889253,-6.117034564,-1.70440559,3.872450589,-6.768734653,0.06301829,1.168418764,-6.892290444
-7.756759571,10.2713436,6.309126668,-7.192376642,-6.92181082,-4.698786873,-1.088275682,2.809993925,-2.09437376,-5.854843346
-4.419438405,-2.364286927,-7.573158013,9.646060383,-5.993039477,3.555299619,-4.452228352,0.679893294,3.197902107,-5.394501541
-5.776340068,2.677581414,-8.047571579,9.930665908,-5.694424867,1.515821962,-2.49065948,1.027881552,1.095372148,-5.721853669
0.855656631,-6.63632276,-8.671942832,9.686656264,7.262353117,7.056797873,-7.964312064,-8.991384548,2.952249767,-0.246959886
-1.967104215,11.32134098,4.586139778,4.320135168,-10.80924485,-5.647255837,-8.707757154,6.87501189,2.1599414,1.180098184
-5.469463416,1.162561874,-8.002993051,6.737172957,-4.943483005,2.799746764,-5.274180542,0.941606699,0.12773695,-5.319805145
4.093215096,-7.89607527,-4.221342101,-2.585729032,0.394046008,2.333185227,-6.916574799,0.601614307,3.648409812,-9.808845417
3.09297739,-5.757845796,-4.654069604,-3.591118236,-2.506326105,4.465403433,-1.582882719,2.151708139,-0.178320172,-11.05467868
-2.023071669,8.436662708,3.624495836,2.890684117,-5.333127907,-5.483189415,-10.09715404,6.859704352,2.519195382,5.624769247
2.859356145,-6.515189992,-4.091835026,-1.835553862,-4.672940432,5.258608039,-5.644541454,-1.441832357,2.427776354,-9.377698577
0.716213966,-7.081592045,-5.545243968,-2.289687501,-2.221619799,5.091367969,-7.500247449,1.261393131,3.135968052,-9.422922601
-7.757440186,-0.882058752,-11.3500906,6.56680356,-7.857098328,3.098524609,-4.663434849,-1.048521413,0.832020449,-5.756954943
2.500077152,-7.724663492,-11.9838507,10.76959908,10.75021939,6.245438428,-3.564112584,-6.435080701,4.021170015,0.159076207
2.428660343,-5.95135023,-8.365533357,10.89600947,7.88416609,5.152454255,-5.066713784,-6.801270002,5.035258413,-0.520112146
2.727175041,-6.759411248,-3.223796313,-4.381012811,0.680067365,5.589872798,-5.000803431,-1.323097081,-0.482346772,-7.844157259
-11.04579522,7.328769796,5.708776979,-4.459627578,-4.933813088,-5.562281673,-2.827511461,1.269396063,-2.32332202,-3.527533379
-8.037357776,-1.641179571,-9.497245674,8.649979206,-5.807931947,2.89687882,-5.174973341,2.0802278,0.49252195,-4.123777572
-8.780865996,11.00695805,6.101423722,-7.012032287,-7.930714447,-9.281444687,-0.830844446,-1.159683916,-1.692980063,-4.590637146
-6.424502772,-2.967551904,-8.323052716,6.980485419,-4.363381943,2.87881706,-1.785157464,-0.910293049,1.875615033,-6.722172084
-4.83519277,9.11713059,3.046423266,2.68355833,-8.258763543,-4.555207986,-10.0132077,6.840430641,3.242576061,2.315155081
-1.652861857,10.71763459,6.070881481,2.950256561,-7.352531058,-5.741655763,-9.997565578,6.968295005,1.294254913,4.284262765
2.369178835,-7.510701374,-8.487494091,11.36065114,10.35574437,4.456434198,-4.074987857,-9.254007441,3.103110656,-1.817373624
-9.318468887,11.48620047,8.026327725,-8.108968692,-7.847942861,-4.920753021,-5.388886231,0.158178908,-0.536021479,-5.627933878
-9.670651115,9.826528156,7.430536459,-4.785394408,-5.530093957,-6.197538781,-4.211162771,0.268218707,-1.653462048,-2.474762051
2.013797702,-6.710835273,-8.620580405,7.386803145,8.237116438,4.241070564,-2.441001292,-11.20502813,5.415046045,0.882573971
-8.290793363,1.515037709,-8.567629401,11.2990056,-3.054208107,4.96688529,-5.847581304,1.547150951,0.854545384,-7.129383595
-9.620361056,8.277379525,3.012492426,-4.427149692,-5.25823481,-6.753901139,-3.814669065,1.269037459,-3.704918412,-4.968996212
-7.943746321,-0.903533436,-8.115463908,5.397402884,-4.756163154,4.087950322,-0.980807323,-0.321288533,1.420893493,-9.008705078
1.440236453,-6.48430781,-5.810545254,-1.650723868,-0.265689354,5.241806521,-7.264403055,-1.045332615,2.650517382,-7.227520992
-8.982714979,9.361903634,5.293300025,-5.266678864,-8.132060343,-4.55039072,-4.612081087,0.796868116,-0.93616782,-4.563774657
0.068083207,-8.989924183,-10.52489218,9.216904505,7.973459388,6.938368659,-3.855653993,-10.99931404,4.667123907,0.019247843
-8.768883742,9.407830448,5.99427398,-5.917632492,-6.496045095,-6.886926348,-4.303349235,2.893099388,-0.519720455,-4.618637673
3.982128986,-7.904678198,-6.130907714,6.35625598,9.964795758,6.881092986,-5.101060218,-7.409966813,5.603938535,-4.522178384
0.858342433,-6.544470308,-11.92754346,10.29239421,6.970400828,8.423076705,-4.402904757,-8.364058193,2.743059671,-1.629008436
-9.862654776,11.46051167,5.679906547,-6.952005796,-7.087615939,-7.761902715,-3.731149667,2.93214632,-0.876480717,-4.553947449
-6.966103825,-1.53281523,-10.19622792,7.498450087,-3.539346648,5.766511319,-4.973536106,2.016632641,-2.32031054,-8.094194991
-5.27050897,7.094920678,3.70265097,2.012306259,-6.10313866,-7.968725313,-8.55817761,6.190448517,1.10502353,2.051459911
-2.821380999,8.274784726,3.755831701,3.247572829,-6.344103962,-7.919473986,-7.488927943,7.784472197,3.241593413,5.105894819
-3.012874672,11.51781842,4.250491809,-0.281544746,-7.248241787,-7.289194948,-12.88365772,7.242080616,1.67589844,5.205761103
3.513404838,-7.41618047,-3.571409754,-2.827595764,-0.480556792,4.829381241,-9.664750094,0.083270025,3.982413581,-7.681668642
3.951694526,-6.378977721,-11.6495727,7.301931053,9.033872033,6.632945437,-3.99260735,-6.218101535,0.758007734,-0.98156822
3.73191366,-7.909865856,-3.196387336,-2.958517793,-0.392514773,3.981982143,-5.878710182,-4.202015188,1.56794714,-11.51670161
-10.52665417,9.991902343,7.389898095,-5.362207138,-7.188958387,-7.339344855,-3.953486247,2.254222162,-0.545699395,-4.731338694
-6.048499502,0.680530367,-9.272922449,7.731061554,-4.945776374,-1.505192917,-3.449877219,-0.331353697,3.323210584,-6.273894783
-7.951344933,10.31190422,5.010383669,-6.227830461,-4.543854106,-6.119334432,-0.436160831,1.085105392,-1.073025952,-4.639091892
-2.583393188,10.02651537,2.955795804,2.546784303,-6.629948879,-6.141432697,-8.404574791,11.00647313,1.065690258,3.364956123
-1.101771914,8.240219036,4.784060002,1.279756751,-7.531371532,-7.343867778,-8.505127099,6.605399983,3.905934423,2.819540603
-5.903334983,-0.480883034,-9.666104372,7.576080175,-5.626535374,3.692902871,-6.011664946,2.322769789,-0.06392786,-5.220055661
-8.697975031,4.987614091,7.632703981,-5.461113494,-6.391563791,-6.914687483,-2.228986061,1.916418326,-2.520416129,-3.564838765
-2.363703676,9.907021666,3.412547811,5.111750597,-8.388653263,-8.701392512,-7.101161446,8.511016956,2.95847996,5.10396982
-8.387695826,10.52963404,8.432222873,-4.690762016,-5.836328345,-4.726684445,-3.95493703,-0.827683344,-1.605700073,-5.292771163
3.158193796,-4.297470487,-7.367712189,10.11898073,9.402769653,6.75041497,-2.033467265,-10.04572382,3.160501539,-2.355803248
-2.242646122,7.01126959,5.210175613,2.889048302,-6.039941519,-5.258938505,-7.587444525,8.012293034,1.917051668,1.670010156
-1.570696601,7.728549794,3.033540089,2.696878307,-7.214821369,-5.809108852,-8.12847132,7.214279547,0.752109658,1.889180719
-3.742528216,9.379816945,5.007328693,1.212754921,-7.58618465,-6.532034687,-11.01045427,5.212327254,0.944633903,3.841280828
3.753466039,-5.683336192,-5.243510012,6.75854441,11.20149052,7.887608268,-5.367792874,-6.535857715,4.188877975,-1.538164515
1.925416348,-7.079561846,-10.26283468,7.219360115,10.00919546,5.342119065,-3.433187134,-9.374430749,3.956254644,0.757966931
-9.418404498,7.240780076,8.027696218,-6.755433915,-3.553553992,-4.711837704,-4.586137984,2.416653175,-1.259316361,-2.896256683
1.704673737,-4.621541918,-8.217789551,9.26878866,7.407549028,6.598380744,-5.155656993,-9.00398181,2.461597088,-2.796302523
-4.52587339,7.636308208,3.133667686,0.821473336,-6.931654522,-6.528787494,-6.512577017,5.825991854,3.498783833,3.84046829
2.89630974,-6.041718032,-3.47044773,-0.161024484,-0.886994344,6.706631711,-7.644075671,-0.295960785,2.891598014,-7.797338579
4.694481355,-3.743584484,-8.463927548,10.51300671,9.57557083,4.162858804,-4.52545967,-7.84866577,3.002838952,-1.524930041
2.603447051,-6.326213182,-11.46465852,7.642233973,9.216524015,6.972383327,-7.201916348,-8.289743683,3.899233685,0.077467858
-8.593988211,11.15840783,6.920385154,-7.698465708,-5.763968728,-7.308945144,-4.708080163,1.374674661,0.49632498,-4.143509831
1.210113156,-6.024184388,-7.112262756,-1.333867127,-2.69535821,6.799665406,-5.985114755,-1.146220361,1.237736908,-8.04151406
-6.256076552,-1.875966438,-8.430445745,9.116016219,-7.691375705,3.389914557,-4.468522648,-0.736787463,2.960484083,-7.2834296
-3.768780386,8.11519716,1.45403525,1.184537151,-8.018326183,-6.654518914,-8.325693793,10.13777917,3.447935992,3.296096072
-2.133458348,9.533958442,3.619841754,2.32155023,-6.440018481,-7.95163672,-6.03966599,8.034272297,0.235344989,5.146281969
-2.168007721,10.97500026,2.228653984,2.250120472,-6.489803,-5.707375286,-10.69375382,5.342837996,2.805212583,4.606928566
-0.318749486,-8.596821769,-1.812773877,-3.083752757,-1.243676285,5.253761933,-3.150319472,2.723627141,5.176461727,-9.309559561
-0.351652199,-8.226469765,-2.365942925,-4.144511431,-1.575206709,6.396610568,-4.831438593,-0.092619561,0.952026085,-6.937436953
-2.317041001,7.992708642,5.90084416,0.994233715,-7.548902341,-9.71442069,-9.516787236,3.687703926,-0.353554,5.30207354
-1.545113483,11.00801492,4.934660591,3.03667532,-7.014230733,-4.71993377,-9.85291621,10.02493356,1.962063309,2.015288903
5.855981027,-6.033216355,-4.185997599,-3.067099378,-0.844901476,6.524197901,-7.77774358,1.95617131,2.92136335,-7.993713157
2.003210628,-8.032553732,-3.917079691,-1.92008903,0.797497908,7.876268073,-6.546177326,-1.704382761,1.228093636,-8.680570986
-10.59044579,10.88626057,6.386413181,-6.886835526,-5.558735891,-7.679611776,-3.872883405,0.481450138,0.267743722,-3.463369847
-2.338921605,10.00748214,7.01890406,0.116446436,-3.680077129,-9.808241293,-9.066005399,8.205998725,2.443788036,3.227402276
3.52155447,-8.908112206,-6.314209673,9.838817576,11.41203263,4.15475534,-5.95646085,-8.270011685,4.438837171,1.497591109
-0.347287689,6.860492901,6.384624464,1.988519275,-8.351890168,-6.186954382,-8.539738213,6.4231976,2.127003362,3.583481161
-5.504683642,-1.725543671,-7.429124164,9.605212507,-6.175285897,1.55126826,-3.240223154,-0.865125632,1.08793255,-7.027152276
3.444232306,-8.71385811,-10.42569875,4.719092756,8.09856943,7.603001742,-3.132304843,-8.378827614,3.651210105,-2.230278439
2.512809669,-3.170572291,-3.632406992,-4.178845029,-1.021796686,3.039149728,-6.127423981,-0.964895317,3.221376791,-9.895302157
-9.946708263,8.847960426,6.061215592,-7.136833063,-3.940437122,-6.815390507,-2.08941736,2.777102711,0.13636672,-4.822847665
-5.013305545,9.829326417,3.645943198,2.829067687,-8.024515926,-9.587432744,-11.27964141,7.395650335,2.411883987,2.804976618
-9.503335227,10.19273617,6.543104649,-5.023465321,-6.266789034,-9.295109652,-5.324158232,0.278997299,-3.175641741,-3.275524101
3.421053201,-9.780358657,-8.847609591,8.073479761,9.961035087,6.873013243,-4.969163459,-9.114818516,3.518662477,-2.541913466
2.658726352,-7.996405891,-8.374030677,7.43908172,10.96387276,7.76000341,-3.109715318,-7.504066128,6.326442718,-1.197420634
-7.596018901,10.23254206,7.332684474,-2.505714269,-7.328778001,-4.940149611,-3.829635453,0.898017051,0.931603012,-3.413663562
1.154451564,-6.944891479,-4.977127156,-3.0802458,1.63157782,7.714210806,-7.955896212,1.529287395,3.065386209,-10.79338668
1.610838135,-7.681633173,-8.138945301,9.446278061,11.10174341,4.281144728,-2.810654238,-7.160924628,3.471440725,-0.688919148
2.633088016,-5.301592537,-3.058368875,-2.23967764,-3.36093147,4.263449785,-6.190587757,0.42474733,0.15298579,-5.453476732
-9.744983942,9.144964458,6.753931061,-4.010400333,-7.754530357,-5.974356329,-2.452358696,1.246769888,-1.076727202,-2.673848057
-8.525988479,9.74802124,8.078557767,-5.322531539,-7.282156718,-5.789654515,-5.630744452,0.657968191,-1.410944613,-4.487592482
-8.272928469,-1.335629785,-10.34275073,6.160574095,-4.938207544,0.723444321,-3.479403692,0.346864511,1.154608534,-7.086108245
-8.377626219,7.937877744,7.36338947,-4.995012548,-4.773185795,-2.192419745,-3.32653119,-0.268316806,-1.399461095,-6.829031053
4.870271442,-4.850593199,-4.855815383,-2.899019701,-0.989521664,5.026030014,-5.713986881,-0.852734335,0.152368375,-8.13692491
0.875423624,-4.931196901,-3.390918897,-1.126892256,-1.865352146,6.985307068,-7.644425207,1.62006002,2.106050387,-8.241114916
2.62707693,-7.088808133,-8.839048429,8.183712576,7.040935198,6.650336779,-1.275325009,-8.018955274,4.022556706,-0.157865993
-2.204813092,6.740669956,6.961136638,4.666986194,-7.798810227,-7.461661933,-8.409529671,7.8252081,3.010116644,7.176758364
1.524032719,-9.628229336,-10.30524677,11.84483938,7.391957305,6.452166694,-2.396558657,-9.928941722,3.961726242,0.209923181
-6.580776076,-2.543464463,-8.591838826,6.603746528,-3.590226197,1.806469169,-2.72662493,2.060110023,2.226360375,-5.925935917
-3.443908413,8.181070449,3.683798145,3.756694481,-4.748870819,-7.736229034,-10.08686112,8.03064625,1.193965668,5.110849283
1.793731384,-6.520513405,-10.0558897,10.73684601,10.3107659,9.079773117,-5.225209232,-8.613569568,4.031829414,-0.227215819
3.548833506,-8.184770627,-5.961908312,-4.235829752,-1.609404697,5.175637251,-7.161518456,-1.659486228,1.164110136,-8.798851815
-4.284085392,5.955437862,4.235768585,3.049483068,-4.626091613,-6.768967423,-6.395404438,5.253370728,-0.532773424,4.078130008
0.569870959,-6.840365619,-3.409774407,-0.962539576,1.492210714,4.18087794,-7.222810624,-1.60167802,1.497261589,-8.371454184
-8.336614261,1.891452338,-8.071556435,8.42336951,-6.73227887,3.567540538,-2.171792542,-0.162090075,2.960876722,-4.363792955
3.826962471,-6.284613863,-3.131753044,-4.721696701,0.939315662,6.095395025,-6.560440066,0.499771469,-0.816061472,-8.458012528
-6.780928532,0.647245734,-9.309801031,8.808567378,-2.417891706,2.822804302,-3.557810703,-1.227829025,-0.368185856,-6.15619095
3.540789783,-7.893432076,-5.490968272,-1.239812297,0.435469873,7.912525241,-6.912495296,-0.059634215,-0.610934867,-9.659698405
-11.69778631,9.273538684,4.391772255,-4.613133841,-6.239841026,-8.518237052,-4.378968756,-0.633105976,-0.882337862,-2.164741527
-11.43263451,10.14324588,5.950887131,-5.912140318,-2.396985635,-8.586365296,-3.534545649,1.19666839,0.26757986,-4.028442466
4.278694056,-10.32123051,-6.783520061,9.484745967,7.50210819,4.554978373,-1.393135076,-9.46481804,1.954634764,0.509021688
2.201938155,-6.422458623,-8.967608068,9.571440417,10.3519243,7.269903281,-5.38643033,-8.472790367,5.476804823,0.145020656
2.817270675,-5.573652149,-1.138701361,-1.137198815,-0.504637422,7.271151939,-5.789192607,0.320543333,1.321170024,-6.725871707
-8.861210888,8.128662061,5.683528068,-4.20827656,-6.865663654,-6.937382498,-5.34783901,1.130527231,1.732687752,-5.776716567
-9.126234305,8.810724192,7.052543228,-6.2680062,-5.431142821,-6.886325307,-3.34950455,0.451234412,0.327975749,-4.252507781
1.756056456,-4.517305753,-3.812000891,-1.9261485,0.120286062,6.335899144,-4.748113606,-0.641191012,1.010838746,-10.7212231
-6.736524085,9.307205823,5.586242666,-8.023789375,-9.06821017,-8.708113717,-3.514465164,1.258216167,-3.73288568,-2.832859725
1.078876023,-5.807597669,-8.216450328,9.229800454,7.819917939,5.895692219,-7.173322186,-7.778842724,5.827947092,-3.408148323
3.190183414,-5.715660548,-9.8988789,6.115707539,8.723061526,7.6703947,-1.817542825,-6.980734066,4.328671764,-0.627490653
1.699547666,-8.181435495,-3.040819072,-2.944599394,-1.852659873,7.685475276,-3.87711985,-0.61594658,-0.95151855,-7.559721211
-9.874333715,9.724346353,7.953954412,-5.009694954,-6.137872298,-5.784468299,-0.310031763,0.408700437,-1.059451057,-2.599435602
-2.70107401,7.580975467,2.230209356,2.278365138,-8.014153309,-9.013490158,-9.808187083,5.70120091,4.553012687,5.483911191
2.850715005,-4.570178892,-7.915592186,8.830837875,12.72129274,7.501502646,-3.047107985,-9.961014345,1.752199104,-0.757876902
5.338054143,-4.592508933,-5.818416887,7.143368216,9.419521286,4.227685525,-4.951266932,-9.423748195,5.54403654,-1.791294642
3.618530206,-5.806303707,-10.35447288,8.481526909,8.142341968,8.163809318,-5.702907586,-6.706011186,5.024091335,1.547480177
3.181352271,-8.416596426,-2.814073883,-3.620129728,-0.498852459,6.934035247,-6.056943204,0.966800136,1.073646911,-9.365691621
-10.02602702,7.05341083,7.973517482,-5.869973582,-6.634220526,-1.542248451,-3.467025778,-0.632557942,-2.000636021,-2.452748632
3.69508326,-5.281044456,-10.41349711,10.20794803,9.215607754,6.277258109,-3.79792913,-8.271922203,5.472221776,-1.322527065
-9.625850552,10.62484649,8.73416414,-4.916502327,-6.347971726,-8.299664151,-5.512825635,0.037291576,-2.27536793,-4.455874151
-2.921775169,5.561404381,2.367092243,4.023481085,-4.412175621,-7.253663653,-7.973492312,7.790398147,6.640621448,5.840813923
1.316718918,-6.784607967,-6.195363852,7.563873736,11.73480885,5.684904731,-1.919576453,-10.15678023,4.563516832,-2.302105329
1.973276288,-4.717917538,-4.125777297,-2.326711776,-2.768847463,4.778977116,-6.569318927,-0.191883877,3.77075707,-8.234455155
-9.347449143,9.402766073,7.304260071,-3.967248374,-4.939169453,-8.559256756,-7.746036843,1.8966085,-3.411417675,-4.512565299
-12.55725983,10.52006243,5.039738277,-5.39434749,-3.252376651,-7.71098669,-7.710586425,0.0661223,0.290339825,-1.237896015
-11.45410497,8.358839247,5.571241918,-4.410831221,-6.805925173,-4.460296694,-4.925391077,0.913619876,-2.614120207,-0.957693504
-8.571421307,8.666329931,9.884815136,-6.661790171,-5.250357598,-5.882970932,-1.962543207,2.837395428,-1.313093404,-5.305544002
3.413872581,-7.143328327,-13.05945047,8.41547766,7.75482493,3.721033239,-5.763864574,-7.882445012,5.677621773,-0.727173414
-8.470704821,-0.302428246,-7.875542156,8.497813069,-4.362885388,1.607166604,-5.086909613,3.099447951,-0.168595965,-3.818598511
-3.89959333,8.924998094,-0.222022174,0.436588222,-7.258479418,-8.751784366,-6.389710801,5.178310849,1.362233505,4.357562422
-7.098129949,-1.333380173,-8.897328429,9.979629018,-5.719343956,6.397354696,-4.554224879,0.449970944,-0.074522807,-5.968004636
-13.33741869,12.8346109,4.564494116,-8.221315907,-4.829645008,-2.672281193,-1.838745913,1.340992313,-0.468968115,-2.895293858
0.660103026,-5.959230212,-9.983715496,9.12421631,7.415893051,3.478287284,-4.481950401,-8.232151139,3.08814099,-2.972995963
0.862770021,-8.457856099,-4.257874464,-3.746403118,0.144477783,7.934388461,-6.876604219,0.643795519,2.597819043,-8.362988339
-2.472432362,9.761283565,6.816594248,3.412075923,-3.649853505,-8.031130938,-7.529846802,7.598535924,5.307004635,2.949004128
-2.481570054,11.5289421,5.130269897,1.644518891,-5.635518819,-10.19681256,-8.484905919,8.479820706,-0.195579134,5.877082621
-7.957642144,-0.696279156,-9.484190831,8.582810449,-5.049575795,1.354436435,-3.036501291,-2.522697209,-2.141330599,-5.194140147
2.168789526,-7.846477287,-5.011856422,-2.178500031,-3.154360861,6.829387979,-6.630815964,-1.41041524,1.17327209,-7.18526792
-9.551980929,11.51652788,6.529390729,-5.074660092,-7.957090948,-5.689449157,-4.195871538,1.973723626,0.41997945,-0.291071733
-9.658690982,10.11375828,6.764085653,-7.677706123,-4.869100427,-7.072544678,-6.250027989,-0.147044109,0.890040059,-2.900084583
3.653634319,-7.335873784,-9.871973379,7.838156069,6.656037832,6.875260533,-6.654441934,-9.889223467,0.571278517,-1.326054664
3.210015409,-6.953539441,-10.23852195,10.8227116,7.865582523,8.610649794,-4.334301591,-5.660684611,4.703057465,-1.402443359
-8.718860354,9.886891518,6.940429268,-6.282967226,-5.855774891,-6.775011918,-3.662463676,2.471524936,-2.870913475,-2.465599354
-10.31290169,9.618386561,9.067183758,-4.407958813,-6.766296628,-7.668698141,-7.142878243,-0.583601346,-1.677794985,-5.656186487
1.000286652,-8.123007372,-4.950573591,-4.257599598,0.956024285,5.315237627,-5.477766904,-0.570838281,-0.882613574,-8.665905708
0.581924264,11.64729739,4.266432614,3.43052611,-5.911563267,-4.827162257,-10.28571295,8.352600105,3.609936965,1.523342326
2.034731847,-8.382458172,-6.522576818,11.68850571,6.78865262,4.631904076,-4.32744013,-9.493364412,4.44360886,-2.289358429
-9.785195565,9.513474868,6.311568843,-6.728221658,-6.110518648,-5.668998829,-5.550753757,2.611527202,-1.508981826,-4.147142762
3.129602093,-8.046257367,-4.776603763,-4.062810597,-0.925759071,4.430876277,-5.146832637,-2.39411097,1.308846869,-8.619330737
1.551048445,-6.185575397,-8.766307685,9.251462291,8.307467861,7.925523834,-5.671984621,-7.315217274,5.45749717,-0.475587986
-5.387354446,8.974515315,4.730224151,5.668032853,-7.168168638,-6.42778858,-8.890395411,5.570505859,3.736534457,5.289351105
-12.24785882,11.29107929,5.290254365,-6.733867294,-7.256992597,-4.270252663,-7.118666462,5.201751433,0.222985586,-3.840558825
2.061909021,-8.163459549,-1.548830002,-3.154627283,1.87023525,6.924746871,-5.283424266,0.837788489,2.438987325,-11.96250061
-2.521156585,11.23420234,4.755931298,0.681243382,-4.594941075,-6.071744528,-10.39419699,7.038014898,0.708872855,2.087251959
2.395899574,-6.333503316,-1.192446153,-5.019125552,1.547218547,5.860053134,-7.354700429,-1.71078167,1.564610791,-7.688516578
-8.542878507,8.897467809,8.408539772,-5.198754498,-6.524453872,-5.660334414,-6.271469369,-1.195022571,-3.151987137,-3.961002554
0.732277947,-5.677148239,-10.67466602,10.14175262,7.809315133,5.039294106,-6.107902402,-8.79866094,5.147629218,-0.423507993
-11.15867659,10.20317617,8.427409048,-4.67478782,-4.869429127,-7.467102436,-6.047871141,2.747129111,-1.845119385,-4.551666721
1.818732803,-5.94238583,-4.230452805,-4.780547904,-0.957206992,8.259677502,-4.136186784,0.191682754,3.275465293,-9.620752276
-9.611274888,10.26713429,6.828223369,-7.212821198,-4.568643403,-6.569704162,-3.95611195,-0.904773306,-2.026023004,-5.502621267
-6.701225886,-1.153554451,-11.61860677,7.969051173,-5.493315939,3.420156373,-4.31045347,-2.609824868,0.351685179,-6.761339556
-2.21542974,7.546726962,5.25225797,-0.580705722,-5.335893735,-6.17121337,-8.454283155,8.797559391,4.520511902,5.683006653
-2.87105171,9.542369223,2.7625697,4.13881659,-7.002853959,-5.204165846,-8.324239737,8.008652744,2.876951155,4.833014396
-8.479616711,0.197899613,-8.493549507,4.929050934,-4.83657017,3.487579525,-4.182094863,2.338271182,1.566875698,-4.337623027
-10.15700173,9.092826503,5.776331445,-7.275352882,-7.337416973,-8.167820203,-3.864029938,-0.659831214,-1.010420759,-6.509260665
-11.24686712,9.075815498,6.18680139,-4.583726988,-4.398037537,-4.238384087,-4.758407181,0.181295822,-3.886256915,-5.384222296
1.555104064,-8.242922137,-8.17762572,9.107757294,9.846144084,6.455313057,-3.148363133,-5.875599171,4.536815338,-2.771433374
-8.239689884,2.492878021,-10.64322377,9.344102307,-4.290021185,5.142724566,-4.766562105,-0.698092925,2.578310448,-5.664928927
-8.194874826,-0.77658296,-12.00569434,7.691272754,-3.725156745,1.339097508,-2.193054502,1.133022655,-0.167144396,-6.515205345
3.846524966,-3.664314045,-5.336086078,-4.744330039,-0.422872422,6.785862986,-6.352823918,2.464579763,-0.159617322,-8.031613811
1.660371062,-6.909702695,-7.954669359,8.174735676,10.07989002,9.070678022,-2.684473083,-8.118690481,3.409934824,-1.731959826
-6.068561981,1.96440978,-10.59080973,8.899456458,-3.875719043,2.539178424,-4.923436414,2.815641422,1.2754494,-5.348959263
-9.339725386,1.490259473,-10.19589778,6.783013593,-5.091277182,1.881229308,-4.391924051,0.917441306,1.456718196,-7.649655989
-8.997402987,-2.125224832,-11.68761216,8.80590641,-5.145501915,3.819553783,-2.730069449,0.799785913,1.920850351,-6.407209319
-9.048534305,-2.264269694,-8.31282507,9.053375827,-3.95835508,3.057456518,-1.655376359,-0.324817318,2.367109443,-6.361025232
-7.793362884,8.483522687,6.447827066,-5.731185494,-7.540848125,-5.359489152,-4.096577364,1.124427299,-2.692337894,-4.831604647
2.894771503,-7.1806978,-3.147815175,-1.785041934,-1.409661382,4.843116569,-5.853739914,2.608218996,-0.010369236,-11.27227964
3.926137538,-8.356578827,-6.198131973,11.26256868,10.41607366,8.840645325,-6.392659428,-8.833229924,2.581705339,-0.11473114
2.499875023,-2.732234283,-3.605884531,-3.143057663,0.504101937,6.427551059,-5.376382621,1.194964658,4.933106724,-10.7673244
-10.55765108,12.06116338,4.858397568,-4.374486526,-4.862627179,-7.337840117,-1.826457191,0.120058861,-0.928059183,-3.784934438
1.796107473,-7.317521665,-6.433917649,-3.208306935,0.45697443,6.566326752,-5.255525775,0.359349299,1.858886115,-10.06147345
4.84540739,-5.741835711,-4.029129815,-3.885161717,-2.124266925,6.487290386,-5.378927025,2.387086658,2.823966516,-11.3256122
-7.612637513,9.221094253,3.466070467,-6.664950767,-4.418008836,-6.366211896,-5.414108489,-0.262033749,-0.100169587,-3.355316844
-9.430246855,7.397158801,5.74680135,-5.273544885,-8.752991256,-5.671197696,-3.944611839,1.323863564,-1.025228426,-2.129206551
-8.194633176,-2.144887904,-10.77341235,9.241549917,-6.785455041,0.853637485,-4.710815948,1.499293677,0.638822875,-6.999782507
-0.532223899,-8.604389077,-6.401900912,-3.647799036,-1.00375727,3.529051398,-7.389314077,-1.22124729,2.159192371,-8.96697524
-9.091989766,10.64849049,3.658249352,-5.192132932,-4.521997167,-8.146371331,-1.406296561,1.123657147,-2.418617411,-4.259070813
-2.363581299,10.46725361,3.586799195,1.481676464,-7.467789421,-9.075382015,-8.394147341,7.715105824,2.02997042,3.809570856
2.75857262,-7.940965633,-5.170669148,-2.621534508,-2.509469224,4.074781535,-4.987464432,-1.438502284,2.847760129,-8.377104806
-8.666320929,0.175414946,-8.62182214,8.478671552,-6.353943348,3.559988344,-1.57248457,1.07431407,2.37718637,-6.658428845
-8.430762048,5.125383112,8.372001367,-8.362788455,-6.907162068,-8.011414645,-5.857177354,2.236368814,-2.062651429,-3.655661373
1.697626158,-10.49422316,-9.240933983,8.881434503,7.796743332,5.395119372,-1.612431818,-7.049166976,2.297814359,-3.59334888
-2.196623411,5.951683826,4.269112762,0.950193312,-8.382057206,-7.301760033,-6.141797966,8.284787207,1.16553175,5.020325728
-0.382877519,-7.296413137,-11.6621998,10.10435993,6.215016092,6.210633334,-7.024442346,-8.527004427,6.149727764,-0.655978288
-12.40106882,9.570736162,6.408653623,-4.746207672,-6.043705714,-7.459863801,-4.393736044,-0.698910153,0.252911081,-4.143449723
-6.796322743,-0.741925778,-11.53831458,7.873705726,-3.014488136,0.959693902,-5.34841253,0.590762028,-0.54277659,-7.49169606
-6.062787188,-0.526653151,-8.172957246,7.748770093,-4.914139583,3.990785994,-3.329432892,-2.591937247,-0.747660023,-4.908795912
-3.372654362,9.19730085,8.480005644,1.829079834,-5.155717202,-7.934874231,-8.890810492,9.979723869,1.081849648,6.880124393
-3.285130298,11.12830729,8.088226022,1.428911843,-7.547880973,-4.700032878,-6.468969538,6.539232875,1.392020009,3.738774643
-7.25209698,1.052355621,-11.73605976,8.635879573,-3.425748062,2.627795254,-2.71472756,4.62334209,0.777691397,-5.712950314
1.37180248,-7.100879342,-8.056493102,9.093445489,8.421923549,5.919499847,-3.789859072,-11.23965886,4.371912702,-2.666531962
-7.074457079,1.829263492,-7.3697512,9.00273857,-3.555696059,4.021539516,-4.457533076,1.536207436,-1.157537016,-4.722073561
-1.495433136,-8.197495405,-3.47684396,-4.146204186,-0.790123983,6.373827979,-6.520348158,0.540384425,0.404192529,-9.380908665
-7.141712351,-0.860281842,-10.58176916,7.309046561,-5.542538225,3.789659383,-0.242164798,-0.672704731,0.309267628,-6.397595409
-3.341996913,11.83602173,2.467857986,-1.325039251,-6.219605516,-7.63319093,-10.37017698,8.386057586,2.388001306,3.31533361
-2.895262429,6.511410017,5.23871352,2.943963593,-7.604406885,-4.519129448,-10.67697625,5.126960595,2.358977963,5.73209901
-10.11128832,8.874310487,6.166400239,-2.638095811,-5.790597478,-5.686847332,-2.36972996,0.853312371,-1.749662846,-4.46994197
2.905014249,-10.32942376,-10.14746535,11.42146029,8.439967611,4.407127016,-4.20463121,-4.944698213,0.937137159,-2.773914993
-9.781116381,6.575423475,5.825765454,-5.613950435,-6.123716068,-7.873422514,-2.01659338,-0.80413364,0.093086174,-3.534625653
-1.441775306,7.32732299,2.33870758,3.889684917,-6.381156173,-8.002839398,-6.511599793,7.497034867,3.791246011,4.262729278
-8.708269412,8.685841558,7.955798762,-7.772187307,-6.173931287,-3.423516304,-5.415652128,-0.521488823,-0.590237853,-3.906044523
-9.356184947,1.234157867,-8.882068409,7.965600124,-3.97713683,5.704142396,-4.097342174,0.505415128,1.223100965,-2.714746437
3.030145739,-7.208138254,-8.313169685,8.616712983,9.324460939,5.679530384,-4.154227425,-7.72841769,2.194622481,-2.720768366
0.962790227,6.213388339,5.669269122,-0.445904123,-7.58752499,-5.246683698,-8.741907728,5.706905749,0.949344671,5.180848179
1.420886891,-7.454312146,-4.095728266,-4.176044318,0.232636202,4.933698878,-6.34942423,-1.206835294,-1.995209111,-9.35753339
-8.504738077,8.838947315,9.239298593,-6.352672065,-6.026473567,-4.933023555,-6.04270374,-2.146084585,-3.649584099,-2.281541041
-3.178970051,10.29888432,4.961019452,0.104561516,-6.619855802,-6.302133524,-10.16411391,7.554110574,2.109613313,2.446996109
-3.604747571,9.338974013,4.708236596,0.995769163,-3.663711057,-5.92923106,-11.87604164,7.603204388,1.029620538,5.440101558
-8.449917229,9.819984179,6.805154472,-5.847107478,-7.494447539,-6.752922418,-6.454590362,0.347619192,-2.843986288,-5.830801172
2.294414887,-9.383009909,-4.606622001,-2.74807006,3.052589321,4.035568689,-3.810258499,1.779976928,2.269245984,-6.433061019
-8.750819745,9.51220513,7.456986805,-7.134228176,-6.10945942,-8.452481548,-4.081994233,-0.86073283,-2.464394541,-2.321277433
-0.640069834,5.90420078,4.125847445,1.416008385,-8.990894733,-8.046834625,-10.50419152,9.951928581,3.425817825,6.068784198
3.644269309,-4.034758611,-11.15601173,6.298147547,8.379588453,7.042053337,-3.162414231,-6.441900537,1.885114238,-4.67116592
1.229412322,-7.654201015,-7.230633802,6.920096051,11.72581195,7.410291498,-2.271432111,-8.740966988,3.459749452,-3.346677847
2.762976308,-5.763321168,-8.031807429,7.739230221,9.536685885,6.714157406,-3.896956916,-11.17627421,3.925394966,2.121846434
-9.809568095,-1.264717362,-7.285620239,9.515694824,-4.918359734,3.615130875,-4.207142237,2.436235502,0.63367672,-5.955147751
-8.8983519,8.381623989,9.668933687,-5.54841479,-6.911482983,-6.054889344,-5.935844575,-0.962292425,0.439521235,-5.160758614
3.083966783,-8.739619295,-4.192435256,-2.934294521,-0.540638433,5.149228835,-6.20373325,1.523759525,1.193145021,-11.4808574
-9.287456318,11.12115307,5.125120088,-5.660698012,-5.720275905,-5.292251392,-3.650492808,-0.055413126,-2.602484958,-4.046201371
-10.7082697,0.928372724,-9.484432951,9.036565631,-5.810459199,3.176998141,-2.698662609,5.070725725,2.146259871,-7.575009287
3.46522436,-4.903224909,-5.840924239,-4.049017366,0.647891885,6.110762194,-5.179309944,0.795572593,2.434335259,-11.06069994
-0.002967248,-8.563241251,-8.277454265,5.778817306,10.83159678,5.930716196,0.956914838,-4.584683344,3.412486926,-1.356455629
3.685154121,-5.355926704,-4.024120643,-2.376789573,-1.805078159,5.229409944,-5.082867632,2.090515424,1.639121964,-9.746275643
2.096603611,-5.221427816,-6.087852382,-4.768440412,-1.753999305,7.261087504,-8.28554347,-3.963544629,1.17155309,-8.243380546
2.888041217,-5.73487699,-8.405745543,8.829442943,9.966603746,2.369577834,-2.884620381,-7.857290864,3.350948185,1.873343168
1.158809313,-6.092614818,-4.449152973,-2.7690454,-0.740971589,6.081879823,-6.180867922,0.606758543,4.215468464,-7.592817217
-4.429654221,10.32297212,5.615180603,1.824405888,-4.109671697,-8.485236743,-11.12661551,6.285660811,1.95392121,4.52646073
-2.379312942,8.780770275,6.391551929,2.354800949,-6.373223198,-7.497925042,-9.569737093,6.674685634,2.613978448,3.529974835
-7.906186717,-0.961091162,-7.105677541,7.137165211,-6.379999478,4.24849909,-4.959983683,-1.023734823,-1.231200806,-7.027275649
2.92383852,-7.840940241,-5.42282304,9.833471558,8.441668208,5.250869091,-4.047140926,-8.405810603,5.359911194,-0.917325871
1.363903427,-5.849035255,-6.754873548,7.31697552,8.764381756,5.940998132,-6.00140842,-7.159533857,2.598675033,-1.490035652
-1.278474351,9.775197175,6.239890871,3.72711307,-4.806388705,-5.907044762,-9.089004877,7.543593445,3.832063685,2.936048049
-5.161752592,1.003859922,-9.299054095,7.829883066,-4.709486762,2.48280035,-6.922902737,3.464627289,1.167193086,-5.705689992
-11.36970774,9.862928109,7.599518137,-5.13251914,-6.641432144,-6.526640853,-3.849437933,0.27462563,0.084719048,-0.859632694
-4.900839111,8.115223594,4.647744386,2.043640575,-7.554725398,-5.945834695,-10.4397584,7.109953688,2.202743682,4.933109807
